kgages0@amazon.co.uk,ETEINyX6vvkY
eorgill1@google.co.jp,v6PiEZaeAW
blocarno2@ameblo.jp,UF4w6d
oproven3@fastcompany.com,03G9Ynh
paskie4@tamu.edu,rrbigmTcte
elittefair5@imgur.com,ydUwyfTh
hrasher6@unesco.org,6NHeXaX4xUC
saleswell7@rakuten.co.jp,qDsoFoihmF
kmilham8@cnn.com,JtjED63p
pbarnsley9@wisc.edu,UR14o19VG
ahapperta@illinois.edu,3iabHZb445
blinehamb@hatena.ne.jp,Zlp3FFUmeoA
pbosenworthc@about.me,nQguHKG004Y
opurpled@linkedin.com,wWxRqpBR4dzj
dbrittlese@lulu.com,MU4SPX8HLS
kkibbeef@baidu.com,4mGCqnHEWug
edoyleg@alibaba.com,SyzY11uFtr
mpuesh@jugem.jp,rHLqNW3YB
tpheliti@soundcloud.com,BKyZBCMibqd
aferrersj@surveymonkey.com,PCd0RHWN3mZC
strebilcockk@mysql.com,S5fCeS9
sgallenl@taobao.com,XeKUVOzbVjWG
bdionsettom@answers.com,rh62HQ
iflugern@businessweek.com,nbi9rZ0dTCcA
bceliero@photobucket.com,PEzjSRI53
sbrechp@skype.com,qiliaod
njonahq@loc.gov,GdPTfxN
omcpheatr@is.gd,aspbNfj3ogS
pmathwens@vimeo.com,hHqlRLDD3Brv
jcrottyt@blogspot.com,YaCECFVP
kbeestonu@ocn.ne.jp,xdk6ohpZkgP
mtrevenuv@blogger.com,Kthyp8tW
ctocknellw@answers.com,9YYp5sd1QFOp
hblamphinx@de.vu,TZcEC9V
gplayley@dion.ne.jp,ZbU0zYcqM
garchellz@freewebs.com,OAvaz4nkNoF
pmixworthy10@usnews.com,iPZETAS
dplaydon11@istockphoto.com,1ey9B2D
mstruttman12@youtu.be,ryji33Y
jgodmar13@nature.com,By7U1OO0eO
ogillyatt14@google.co.jp,G8hkQZBeeJ
gkivell15@state.gov,VpqkeWbg8eX
asisland16@oakley.com,iUcKLouN6ntA
smanneville17@eepurl.com,3FBPa7v8G9y6
dmargrem18@123-reg.co.uk,GPpHOHCBR
wbennough19@yolasite.com,TQGEP3
edunguy1a@a8.net,K9YdIZe8KqN
cdennison1b@irs.gov,Roqy2ARrgP
bcavnor1c@geocities.jp,3ca4Yj9yejhy
sdominici1d@youku.com,U9lYbwf
